instrument_id,display_name,asset_type,group,mechanism,source_primary,source_fallback,frequency,unit,adjusted_required,required,max_staleness_days,notes
SPY,SPY,ETF,FAST_MARKET_CORE,yfinance,yfinance,,Daily,USD,True,True,1,
QQQ,QQQ,ETF,FAST_MARKET_CORE,yfinance,yfinance,,Daily,USD,True,True,1,
RSP,RSP,ETF,FAST_MARKET_CORE,yfinance,yfinance,,Daily,USD,True,True,1,
IWM,IWM,ETF,FAST_MARKET_CORE,yfinance,yfinance,,Daily,USD,True,True,1,
SOXX,SOXX,ETF,FAST_MARKET_CORE,yfinance,yfinance,,Daily,USD,True,True,1,
HYG,HYG,ETF,FAST_MARKET_CORE,yfinance,yfinance,,Daily,USD,True,True,1,
LQD,LQD,ETF,FAST_MARKET_CORE,yfinance,yfinance,,Daily,USD,True,True,1,
TLT,TLT,ETF,FAST_MARKET_CORE,yfinance,yfinance,,Daily,USD,True,True,1,
UUP,UUP,ETF,FAST_MARKET_CORE,yfinance,yfinance,,Daily,USD,True,True,1,
GLD,GLD,Commodity,FAST_MARKET_CORE,yfinance,yfinance,,Daily,USD,True,True,1,
^VIX,^VIX,Index,FAST_MARKET_CORE,yfinance,yfinance,,Daily,USD,False,True,1,
XLK,XLK,ETF,SECTOR_ROTATION_CORE,yfinance,yfinance,,Daily,USD,True,True,1,
XLV,XLV,ETF,SECTOR_ROTATION_CORE,yfinance,yfinance,,Daily,USD,True,True,1,
XLF,XLF,ETF,SECTOR_ROTATION_CORE,yfinance,yfinance,,Daily,USD,True,True,1,
XLE,XLE,ETF,SECTOR_ROTATION_CORE,yfinance,yfinance,,Daily,USD,True,True,1,
XLI,XLI,ETF,SECTOR_ROTATION_CORE,yfinance,yfinance,,Daily,USD,True,True,1,
XLU,XLU,ETF,SECTOR_ROTATION_CORE,yfinance,yfinance,,Daily,USD,True,True,1,
XLB,XLB,ETF,SECTOR_ROTATION_OPTIONAL,yfinance,yfinance,,Daily,USD,True,False,1,
XLY,XLY,ETF,SECTOR_ROTATION_OPTIONAL,yfinance,yfinance,,Daily,USD,True,False,1,
XLP,XLP,ETF,SECTOR_ROTATION_OPTIONAL,yfinance,yfinance,,Daily,USD,True,False,1,
XLRE,XLRE,ETF,SECTOR_ROTATION_OPTIONAL,yfinance,yfinance,,Daily,USD,True,False,1,
TIP,TIP,ETF,DIAGNOSTIC_PRICE,yfinance,yfinance,,Daily,USD,True,False,1,
IEF,IEF,ETF,DIAGNOSTIC_PRICE,yfinance,yfinance,,Daily,USD,True,False,1,
SHY,SHY,ETF,DIAGNOSTIC_PRICE,yfinance,yfinance,,Daily,USD,True,False,1,
USO,USO,ETF,DIAGNOSTIC_PRICE,yfinance,yfinance,,Daily,USD,True,False,1,
CPER,CPER,ETF,DIAGNOSTIC_PRICE,yfinance,yfinance,,Daily,USD,True,False,1,
SMH,SMH,ETF,DIAGNOSTIC_PRICE,yfinance,yfinance,,Daily,USD,True,False,1,
NVDA,NVDA,Equity,AI_COMPUTE,yfinance,yfinance,,Daily,USD,True,False,1,
TSM,TSM,Equity,AI_COMPUTE,yfinance,yfinance,,Daily,USD,True,False,1,
ASML,ASML,Equity,AI_COMPUTE,yfinance,yfinance,,Daily,USD,True,False,1,
MU,MU,Equity,AI_COMPUTE,yfinance,yfinance,,Daily,USD,True,False,1,
AVGO,AVGO,Equity,AI_COMPUTE,yfinance,yfinance,,Daily,USD,True,False,1,
ANET,ANET,Equity,AI_CONNECTIVITY,yfinance,yfinance,,Daily,USD,True,False,1,
CRDO,CRDO,Equity,AI_CONNECTIVITY,yfinance,yfinance,,Daily,USD,True,False,1,
MRVL,MRVL,Equity,AI_CONNECTIVITY,yfinance,yfinance,,Daily,USD,True,False,1,
COHR,COHR,Equity,AI_CONNECTIVITY,yfinance,yfinance,,Daily,USD,True,False,1,
LITE,LITE,Equity,AI_CONNECTIVITY,yfinance,yfinance,,Daily,USD,True,False,1,
ETN,ETN,Equity,AI_POWER_GRID,yfinance,yfinance,,Daily,USD,True,False,1,
VRT,VRT,Equity,AI_POWER_GRID,yfinance,yfinance,,Daily,USD,True,False,1,
GEV,GEV,Equity,AI_POWER_GRID,yfinance,yfinance,,Daily,USD,True,False,1,
HUBB,HUBB,Equity,AI_POWER_GRID,yfinance,yfinance,,Daily,USD,True,False,1,
APH,APH,Equity,AI_POWER_GRID,yfinance,yfinance,,Daily,USD,True,False,1,
MSFT,MSFT,Equity,AI_SOFTWARE,yfinance,yfinance,,Daily,USD,True,False,1,
GOOGL,GOOGL,Equity,AI_SOFTWARE,yfinance,yfinance,,Daily,USD,True,False,1,
ORCL,ORCL,Equity,AI_SOFTWARE,yfinance,yfinance,,Daily,USD,True,False,1,
NOW,NOW,Equity,AI_SOFTWARE,yfinance,yfinance,,Daily,USD,True,False,1,
PLTR,PLTR,Equity,AI_SOFTWARE,yfinance,yfinance,,Daily,USD,True,False,1,
RKLB,RKLB,Equity,AI_SPECULATIVE,yfinance,yfinance,,Daily,USD,True,False,1,
ASTS,ASTS,Equity,AI_SPECULATIVE,yfinance,yfinance,,Daily,USD,True,False,1,
OKLO,OKLO,Equity,AI_SPECULATIVE,yfinance,yfinance,,Daily,USD,True,False,1,
LEU,LEU,Equity,AI_SPECULATIVE,yfinance,yfinance,,Daily,USD,True,False,1,
IREN,IREN,Equity,AI_SPECULATIVE,yfinance,yfinance,,Daily,USD,True,False,1,
DGS10,DGS10,Macro,FRED_DAILY,FRED API,FRED,,Daily,Percent,False,True,1,
DGS2,DGS2,Macro,FRED_DAILY,FRED API,FRED,,Daily,Percent,False,True,1,
T10Y2Y,T10Y2Y,Macro,FRED_DAILY,FRED API,FRED,,Daily,Percent,False,False,1,
DFII10,DFII10,Macro,FRED_DAILY,FRED API,FRED,,Daily,Percent,False,True,1,
BAMLH0A0HYM2,BAMLH0A0HYM2,Macro,FRED_DAILY,FRED API,FRED,,Daily,Basis Points,False,True,1,
VIXCLS,VIXCLS,Macro,FRED_DAILY,FRED API,FRED,,Daily,Index,False,False,1,
SOFR,SOFR,Macro,FRED_DAILY,FRED API,FRED,,Daily,Percent,False,True,1,
WALCL,WALCL,Macro,FRED_LIQUIDITY_OPTIONAL,FRED API,FRED,,Daily,Billions USD,False,False,1,
WTREGEN,WTREGEN,Macro,FRED_LIQUIDITY_OPTIONAL,FRED API,FRED,,Daily,Billions USD,False,False,1,
RRPONTSYD,RRPONTSYD,Macro,FRED_LIQUIDITY_OPTIONAL,FRED API,FRED,,Daily,Billions USD,False,False,1,
